{
    "atlas_susy_2018_31": {
        "regiondata": {
            "SRA": {
                "nobs": 17.0,
                "nb": 17.1,
                "deltanb": 2.7795863,
                "N0": 22.77976,
                "Nf": 0.001139115,
                "s95exp": "1.6207427",
                "s95obs": "1.6219672",
                "rSR": 3.510119157100013,
                "CLs": 1.0,
                "best": 0
            },
            "SRA_L": {
                "nobs": 12.0,
                "nb": 8.4,
                "deltanb": 1.7,
                "N0": 22.77976,
                "Nf": 0.000683362,
                "s95exp": "1.8933571",
                "s95obs": "2.8503169",
                "rSR": 3.004715803479439,
                "CLs": 0.9999097696871264,
                "best": 0
            },
            "SRA_M": {
                "nobs": 3.0,
                "nb": 5.7,
                "deltanb": 0.8,
                "N0": 22.77976,
                "Nf": 0.0003417906,
                "s95exp": "2.9399166",
                "s95obs": "2.2134138",
                "rSR": 1.9350889069438222,
                "CLs": 0.999897656329956,
                "best": 0
            },
            "SRA_H": {
                "nobs": 2.0,
                "nb": 3.0,
                "deltanb": 1.5,
                "N0": 22.77976,
                "Nf": 0.0001139622,
                "s95exp": "8.5573540",
                "s95obs": "7.0409015",
                "rSR": 0.6648083040622137,
                "CLs": 0.9020572047279618,
                "best": 0
            },
            "SRB": {
                "nobs": 3.0,
                "nb": 3.3,
                "deltanb": 0.78032045,
                "N0": 22.77976,
                "Nf": 0.001708529,
                "s95exp": "0.5217908",
                "s95obs": "0.5199837",
                "rSR": 10.902836922383454,
                "CLs": 1.0,
                "best": 1
            },
            "SRC": {
                "nobs": 47.0,
                "nb": 37.9,
                "deltanb": 4.8241165,
                "N0": 22.77976,
                "Nf": 0.000341681,
                "s95exp": "7.7144837",
                "s95obs": "11.9233505",
                "rSR": 0.7374440365983275,
                "CLs": 0.5419848189210832,
                "best": 0
            },
            "SRC_22": {
                "nobs": 28.0,
                "nb": 21.2,
                "deltanb": 4.1,
                "N0": 22.77976,
                "Nf": 0.0002279074,
                "s95exp": "9.5913061",
                "s95obs": "14.1586523",
                "rSR": 0.593141324099749,
                "CLs": 0.45158357671284244,
                "best": 0
            },
            "SRC_24": {
                "nobs": 12.0,
                "nb": 10.6,
                "deltanb": 2.3,
                "N0": 22.77976,
                "Nf": 0.0001137736,
                "s95exp": "12.7626087",
                "s95obs": "15.4213641",
                "rSR": 0.4457552631853392,
                "CLs": 0.5140512381360165,
                "best": 0
            },
            "SRC_26": {
                "nobs": 4.0,
                "nb": 3.7,
                "deltanb": 0.9,
                "N0": 22.77976,
                "Nf": 0.0,
                "s95exp": "-1",
                "s95obs": "-1",
                "rSR": -1,
                "CLs": 0,
                "best": 0
            },
            "SRC_28": {
                "nobs": 3.0,
                "nb": 2.4,
                "deltanb": 0.6,
                "N0": 22.77976,
                "Nf": 0.0,
                "s95exp": "-1",
                "s95obs": "-1",
                "rSR": -1,
                "CLs": 0,
                "best": 0
            },
            "pyhf": {
                "RegionA": {
                    "s95exp": "1.5036300",
                    "s95obs": "1.4583464",
                    "full_CLs_output": {
                        "CLs_obs": 0.9999999981648255,
                        "CLs_exp": 0.9999999981993268
                    },
                    "CLs": 0.9999999981648255,
                    "best": 0
                },
                "RegionB": {
                    "s95exp": "0.5046301",
                    "s95obs": "0.4683876",
                    "full_CLs_output": {
                        "CLs_obs": 1.0,
                        "CLs_exp": 1.0
                    },
                    "CLs": 1.0,
                    "best": 1
                },
                "RegionC": {
                    "s95exp": "7.2800066",
                    "s95obs": "10.8301749",
                    "full_CLs_output": {
                        "CLs_obs": 0.5929004500179451,
                        "CLs_exp": 0.8752688580839396
                    },
                    "CLs": 0.5929004500179451,
                    "best": 0
                }
            }
        },
        "errordata": {}
    }
}